{"cameraMode":{"drawMode":0,"name":"Shaded","section":"Shading Mode"},"sceneLighting":true,"audioPlay":false,"sceneViewState":{"showFog":true,"showMaterialUpdate":false,"showSkybox":true,"showFlares":true,"showImageEffects":true,"showParticleSystems":true},"in2DMode":false,"pivot":{"x":0.9810729026794434,"y":6.59499979019165,"z":9.228370666503907},"rotation":{"x":-0.15205265581607819,"y":0.6483127474784851,"z":-0.13433171808719636,"w":-0.7338430285453796},"size":11.409584045410157,"orthographic":false}