{"cameraMode":{"drawMode":0,"name":"Shaded","section":"Shading Mode"},"sceneLighting":true,"audioPlay":false,"sceneViewState":{"showFog":true,"showMaterialUpdate":false,"showSkybox":true,"showFlares":true,"showImageEffects":true,"showParticleSystems":true},"in2DMode":false,"pivot":{"x":-1.7711772918701172,"y":4.2270426750183109,"z":-4.988065242767334},"rotation":{"x":-0.12668326497077943,"y":0.5632569789886475,"z":-0.08790110051631928,"w":-0.8117673993110657},"size":22.707374572753908,"orthographic":false}